{"name":"csv2tsprofile","roottx":[{"metric":"metric_0","transitions":{"0":{"nextProbs":[94,3,0,0,0,0,0,0,0,3],"probability":13},"1":{"nextProbs":[11,67,11,11,0,0,0,0,0,0],"probability":4},"2":{"nextProbs":[0,11,83,6,0,0,0,0,0,0],"probability":7},"3":{"nextProbs":[0,0,20,50,20,0,10,0,0,0],"probability":4},"4":{"nextProbs":[0,0,0,40,40,0,20,0,0,0],"probability":2},"5":{"nextProbs":[0,33,0,0,0,0,0,33,0,33],"probability":1},"6":{"nextProbs":[0,0,0,8,8,8,33,25,8,8],"probability":5},"7":{"nextProbs":[0,0,0,0,0,3,9,52,27,9],"probability":14},"8":{"nextProbs":[0,0,0,0,0,0,4,21,65,10],"probability":20},"9":{"nextProbs":[0,0,0,0,0,1,1,3,10,85],"probability":30}},"stats":{"min":0,"max":100,"stddev":4.728354990991909,"avg":61.654610410324366,"count":2420,"stddevsum":54104.7650284282}}],"periodTree":{"root":{"UUID":878,"maxChilds":0,"maxCounts":0,"children":[],"txmatrix":[]}},"phases":{"phases":[[{"metric":"metric_0","transitions":{"0":{"nextProbs":[0,0,0,0,0,0,0,0,0,100],"probability":3},"7":{"nextProbs":[0,0,0,0,0,0,0,100,0,0],"probability":7},"8":{"nextProbs":[0,0,0,0,0,0,0,100,0,0],"probability":3},"9":{"nextProbs":[0,0,0,0,0,0,0,0,4,96],"probability":87}},"stats":{"min":0,"max":100,"stddev":4.951725323941621,"avg":93.49463508772133,"count":300,"stddevsum":7355.875105129424}}],[{"metric":"metric_0","transitions":{"0":{"nextProbs":[0,0,0,0,0,0,0,0,0,100],"probability":7},"9":{"nextProbs":[0,0,0,0,0,0,0,0,0,100],"probability":93}},"stats":{"min":0,"max":100,"stddev":5.019966141926902,"avg":97.32391979949284,"count":140,"stddevsum":3528.008409252945}}],[{"metric":"metric_0","transitions":{"0":{"nextProbs":[0,0,0,0,0,0,0,100,0,0],"probability":17},"7":{"nextProbs":[0,0,0,0,0,0,0,0,0,100],"probability":17},"9":{"nextProbs":[0,0,0,0,0,0,0,0,0,100],"probability":67}},"stats":{"min":0,"max":100,"stddev":5.132477724543071,"avg":93.43697660818835,"count":60,"stddevsum":1580.5396555758489}}],[{"metric":"metric_0","transitions":{"0":{"nextProbs":[0,0,0,0,0,100,0,0,0,0],"probability":17},"5":{"nextProbs":[0,0,0,0,0,0,0,0,0,100],"probability":17},"9":{"nextProbs":[0,0,0,0,0,0,0,0,0,100],"probability":67}},"stats":{"min":0,"max":100,"stddev":7.182617974699113,"avg":88.89938596490832,"count":60,"stddevsum":3095.4000582282474}}],[{"metric":"metric_0","transitions":{"0":{"nextProbs":[0,0,0,0,0,0,100,0,0,0],"probability":25},"6":{"nextProbs":[0,0,0,0,0,0,0,0,0,100],"probability":25},"9":{"nextProbs":[0,0,0,0,0,0,0,0,0,100],"probability":50}},"stats":{"min":0,"max":100,"stddev":10.06714484957028,"avg":84.22740350878,"count":40,"stddevsum":4053.8962168891762}}],[{"metric":"metric_0","transitions":{"0":{"nextProbs":[0,0,0,0,0,0,0,100,0,0],"probability":33},"5":{"nextProbs":[0,0,0,0,0,0,0,100,0,0],"probability":33},"7":{"nextProbs":[0,0,0,0,0,100,0,0,0,0],"probability":33}},"stats":{"min":0,"max":100,"stddev":15.2464619548845,"avg":65.83149707604335,"count":30,"stddevsum":6973.6380642522145}}],[{"metric":"metric_0","transitions":{"0":{"nextProbs":[0,0,0,0,0,0,0,0,100,0],"probability":33},"7":{"nextProbs":[0,0,0,0,0,0,0,0,100,0],"probability":33},"8":{"nextProbs":[0,0,0,0,0,0,0,100,0,0],"probability":33}},"stats":{"min":0,"max":100,"stddev":3.1287887542624415,"avg":75.40639766083332,"count":30,"stddevsum":293.67957206397364}}],[{"metric":"metric_0","transitions":{"0":{"nextProbs":[0,0,0,0,0,0,0,0,100,0],"probability":25},"8":{"nextProbs":[0,0,0,0,0,0,0,0,100,0],"probability":75}},"stats":{"min":0,"max":100,"stddev":3.7001325635728173,"avg":77.83708771928751,"count":40,"stddevsum":547.639239520478}}],[{"metric":"metric_0","transitions":{"0":{"nextProbs":[0,0,0,0,0,0,0,100,0,0],"probability":33},"7":{"nextProbs":[0,0,0,0,0,0,0,0,100,0],"probability":33},"8":{"nextProbs":[0,0,0,0,0,0,0,0,100,0],"probability":33}},"stats":{"min":0,"max":100,"stddev":3.1470890664084163,"avg":75.67231578947333,"count":30,"stddevsum":297.12508775722193}}],[{"metric":"metric_0","transitions":{"0":{"nextProbs":[0,0,0,0,0,0,0,100,0,0],"probability":33},"7":{"nextProbs":[0,0,0,0,0,0,0,100,0,0],"probability":67}},"stats":{"min":0,"max":100,"stddev":4.668930228154606,"avg":72.11950877192666,"count":30,"stddevsum":653.9672842612747}}],[{"metric":"metric_0","transitions":{"0":{"nextProbs":[0,0,0,0,0,0,0,0,100,0],"probability":17},"8":{"nextProbs":[0,0,0,0,0,0,0,0,100,0],"probability":83}},"stats":{"min":0,"max":100,"stddev":4.86632829681205,"avg":78.84329239766001,"count":60,"stddevsum":1420.8690655412202}}],[{"metric":"metric_0","transitions":{"0":{"nextProbs":[0,0,0,0,0,0,0,100,0,0],"probability":25},"7":{"nextProbs":[0,0,0,0,0,0,0,0,100,0],"probability":25},"8":{"nextProbs":[0,0,0,0,0,0,0,0,100,0],"probability":50}},"stats":{"min":0,"max":100,"stddev":4.67207290104803,"avg":76.686675438595,"count":40,"stddevsum":873.1306077082942}}],[{"metric":"metric_0","transitions":{"0":{"nextProbs":[0,0,0,0,0,0,0,100,0,0],"probability":50},"7":{"nextProbs":[0,0,0,0,0,0,0,100,0,0],"probability":50}},"stats":{"min":0,"max":100,"stddev":5.122347797011096,"avg":73.87898245615,"count":20,"stddevsum":524.7689390708886}}],[{"metric":"metric_0","transitions":{"0":{"nextProbs":[0,0,0,0,0,0,100,0,0,0],"probability":25},"6":{"nextProbs":[0,0,0,0,0,0,100,0,0,0],"probability":75}},"stats":{"min":0,"max":100,"stddev":5.372150803691555,"avg":61.96804385966,"count":40,"stddevsum":1154.4001703041527}}],[{"metric":"metric_0","transitions":{"0":{"nextProbs":[0,0,0,0,0,100,0,0,0,0],"probability":17},"1":{"nextProbs":[0,100,0,0,0,0,0,0,0,0],"probability":67},"5":{"nextProbs":[0,100,0,0,0,0,0,0,0,0],"probability":17}},"stats":{"min":0,"max":100,"stddev":7.53364808768067,"avg":15.417035087724834,"count":60,"stddevsum":3405.3512105408768}}],[{"metric":"metric_0","transitions":{"0":{"nextProbs":[100,0,0,0,0,0,0,0,0,0],"probability":100}},"stats":{"min":0,"max":100,"stddev":0.8271905943078979,"avg":1.7878404074699776,"count":310,"stddevsum":212.11572658655055}}],[{"metric":"metric_0","transitions":{"0":{"nextProbs":[0,100,0,0,0,0,0,0,0,0],"probability":20},"1":{"nextProbs":[0,0,0,100,0,0,0,0,0,0],"probability":20},"3":{"nextProbs":[0,0,0,0,0,0,100,0,0,0],"probability":20},"6":{"nextProbs":[0,0,0,0,0,0,0,100,0,0],"probability":20},"7":{"nextProbs":[0,0,0,0,0,0,0,100,0,0],"probability":20}},"stats":{"min":0,"max":100,"stddev":6.753485970131831,"avg":50.586933333334,"count":50,"stddevsum":2280.478637438374}}],[{"metric":"metric_0","transitions":{"0":{"nextProbs":[0,0,0,0,0,0,0,0,100,0],"probability":50},"8":{"nextProbs":[0,0,0,0,0,0,0,0,100,0],"probability":50}},"stats":{"min":0,"max":100,"stddev":0.1574644292369729,"avg":84.255175438585,"count":20,"stddevsum":0.49590092949851294}}],[{"metric":"metric_0","transitions":{"0":{"nextProbs":[0,0,0,0,0,0,0,0,0,100],"probability":33},"9":{"nextProbs":[0,0,0,0,0,0,0,0,0,100],"probability":67}},"stats":{"min":0,"max":100,"stddev":1.3414385259731152,"avg":88.91160233918669,"count":30,"stddevsum":53.98371956894773}}],[{"metric":"metric_0","transitions":{"0":{"nextProbs":[0,0,0,0,0,0,0,0,100,0],"probability":33},"7":{"nextProbs":[0,0,0,0,0,0,0,100,0,0],"probability":33},"8":{"nextProbs":[0,0,0,0,0,0,0,100,0,0],"probability":33}},"stats":{"min":0,"max":100,"stddev":5.043306294654257,"avg":76.06578947368665,"count":30,"stddevsum":763.0481514509775}}],[{"metric":"metric_0","transitions":{"0":{"nextProbs":[0,0,0,0,0,0,0,0,0,100],"probability":13},"9":{"nextProbs":[0,0,0,0,0,0,0,0,0,100],"probability":88}},"stats":{"min":0,"max":100,"stddev":2.6317983060940553,"avg":91.48668859649374,"count":80,"stddevsum":554.1089859167631}}],[{"metric":"metric_0","transitions":{"0":{"nextProbs":[0,0,0,0,0,0,0,0,100,0],"probability":20},"3":{"nextProbs":[0,0,0,100,0,0,0,0,0,0],"probability":40},"6":{"nextProbs":[0,0,0,100,0,0,0,0,0,0],"probability":20},"8":{"nextProbs":[0,0,0,0,0,0,100,0,0,0],"probability":20}},"stats":{"min":0,"max":100,"stddev":4.113478576791426,"avg":44.671954385961996,"count":50,"stddevsum":846.0353000861008}}],[{"metric":"metric_0","transitions":{"0":{"nextProbs":[0,0,0,0,100,0,0,0,0,0],"probability":20},